{
  "gender": {
    "sample_counts": {
      "total_samples": 2000,
      "group_0_samples": 1958,
      "group_1_samples": 42
    },
    "dataset_metrics": {
      "base_rate_privileged": 0.2857142857142857,
      "base_rate_unprivileged": 0.3861082737487232,
      "statistical_parity_difference": 0.1003939880344375,
      "disparate_impact": 1.3513789581205313
    },
    "classification_metrics": {
      "accuracy_privileged": 1.0,
      "accuracy_unprivileged": 0.9979570990806946,
      "equalized_odds_difference": 0.002645502645502673,
      "equal_opportunity_difference": -0.002645502645502673
    }
  },
  "race": {
    "sample_counts": {
      "total_samples": 2000,
      "group_0_samples": 1983,
      "group_1_samples": 17
    },
    "dataset_metrics": {
      "base_rate_privileged": 0.29411764705882354,
      "base_rate_unprivileged": 0.3847705496722138,
      "statistical_parity_difference": 0.09065290261339026,
      "disparate_impact": 1.3082198688855269
    },
    "classification_metrics": {
      "accuracy_privileged": 1.0,
      "accuracy_unprivileged": 0.9979828542612204,
      "equalized_odds_difference": 0.002621231979030192,
      "equal_opportunity_difference": -0.002621231979030192
    }
  },
  "age": {
    "sample_counts": {
      "total_samples": 2000,
      "group_0_samples": 1976,
      "group_1_samples": 24
    },
    "dataset_metrics": {
      "base_rate_privileged": 0.3333333333333333,
      "base_rate_unprivileged": 0.38461538461538464,
      "statistical_parity_difference": 0.05128205128205132,
      "disparate_impact": 1.153846153846154
    },
    "classification_metrics": {
      "accuracy_privileged": 1.0,
      "accuracy_unprivileged": 0.9979757085020243,
      "equalized_odds_difference": 0.0026315789473684292,
      "equal_opportunity_difference": -0.0026315789473684292
    }
  }
}